family,scope,fold,model,n_train,n_validation,n_test,n_features,best_params,validation_accuracy,validation_precision,validation_sensitivity,validation_specificity,validation_f1,validation_auc,validation_tn,validation_fp,validation_fn,validation_tp,test_accuracy,test_precision,test_sensitivity,test_specificity,test_f1,test_auc,test_tn,test_fp,test_fn,test_tp
feature_classical_tsfresh,left,Fold_1,random_forest_fresh,60,20,20,27972,"{'n_estimators': 400, 'max_depth': None, 'min_samples_leaf': 1, 'max_features': 'sqrt', 'selector': 'tsfresh.select_features', 'fdr_level': 0.2, 'n_selected_features': 213, 'final_fit': 'training split only', 'feature_source': 'fold-local split matrices'}",0.75,0.6923076923076923,0.9,0.6,0.782608695652174,0.8200000000000001,6,4,1,9,0.9,1.0,0.8,1.0,0.8888888888888888,0.93,10,0,2,8
feature_classical_tsfresh,left,Fold_1,linear_svm_fresh,60,20,20,27972,"{'C': 0.1, 'selector': 'tsfresh.select_features', 'fdr_level': 0.5, 'n_selected_features': 391, 'final_fit': 'training split only', 'feature_source': 'fold-local split matrices'}",0.8,0.75,0.9,0.7,0.8181818181818182,0.88,7,3,1,9,0.75,0.8571428571428571,0.6,0.9,0.7058823529411765,0.87,9,1,4,6
feature_classical_tsfresh,left,Fold_1,svm_rbf_fresh,60,20,20,27972,"{'C': 10.0, 'gamma': 0.001, 'selector': 'tsfresh.select_features', 'fdr_level': 0.05, 'n_selected_features': 125, 'final_fit': 'training split only', 'feature_source': 'fold-local split matrices'}",0.8,0.75,0.9,0.7,0.8181818181818182,0.8200000000000001,7,3,1,9,0.8,0.875,0.7,0.9,0.7777777777777778,0.88,9,1,3,7
feature_classical_tsfresh,right,Fold_1,random_forest_fresh,60,20,20,27972,"{'n_estimators': 400, 'max_depth': None, 'min_samples_leaf': 1, 'max_features': 'sqrt', 'selector': 'tsfresh.select_features', 'fdr_level': 0.2, 'n_selected_features': 210, 'final_fit': 'training split only', 'feature_source': 'fold-local split matrices'}",0.75,0.6923076923076923,0.9,0.6,0.782608695652174,0.8200000000000001,6,4,1,9,0.9,1.0,0.8,1.0,0.8888888888888888,0.9,10,0,2,8
feature_classical_tsfresh,right,Fold_1,linear_svm_fresh,60,20,20,27972,"{'C': 0.1, 'selector': 'tsfresh.select_features', 'fdr_level': 0.5, 'n_selected_features': 382, 'final_fit': 'training split only', 'feature_source': 'fold-local split matrices'}",0.85,0.8181818181818182,0.9,0.8,0.8571428571428571,0.89,8,2,1,9,0.7,0.75,0.6,0.8,0.6666666666666666,0.8400000000000001,8,2,4,6
feature_classical_tsfresh,right,Fold_1,svm_rbf_fresh,60,20,20,27972,"{'C': 10.0, 'gamma': 0.001, 'selector': 'tsfresh.select_features', 'fdr_level': 0.5, 'n_selected_features': 382, 'final_fit': 'training split only', 'feature_source': 'fold-local split matrices'}",0.8,0.75,0.9,0.7,0.8181818181818182,0.84,7,3,1,9,0.75,0.8571428571428571,0.6,0.9,0.7058823529411765,0.81,9,1,4,6
feature_classical_tsfresh,combined,Fold_1,random_forest_fresh,60,20,20,55944,"{'n_estimators': 400, 'max_depth': None, 'min_samples_leaf': 3, 'max_features': 'sqrt', 'selector': 'tsfresh.select_features', 'fdr_level': 0.2, 'n_selected_features': 407, 'final_fit': 'training split only', 'feature_source': 'fold-local split matrices'}",0.75,0.6923076923076923,0.9,0.6,0.782608695652174,0.8200000000000001,6,4,1,9,0.85,0.8888888888888888,0.8,0.9,0.8421052631578947,0.89,9,1,2,8
feature_classical_tsfresh,combined,Fold_1,linear_svm_fresh,60,20,20,55944,"{'C': 0.01, 'selector': 'tsfresh.select_features', 'fdr_level': 0.5, 'n_selected_features': 749, 'final_fit': 'training split only', 'feature_source': 'fold-local split matrices'}",0.8,0.75,0.9,0.7,0.8181818181818182,0.87,7,3,1,9,0.75,0.8571428571428571,0.6,0.9,0.7058823529411765,0.85,9,1,4,6
feature_classical_tsfresh,combined,Fold_1,svm_rbf_fresh,60,20,20,55944,"{'C': 10.0, 'gamma': 0.001, 'selector': 'tsfresh.select_features', 'fdr_level': 0.5, 'n_selected_features': 749, 'final_fit': 'training split only', 'feature_source': 'fold-local split matrices'}",0.8,0.75,0.9,0.7,0.8181818181818182,0.82,7,3,1,9,0.75,0.8571428571428571,0.6,0.9,0.7058823529411765,0.83,9,1,4,6
feature_classical_tsfresh,enhanced,Fold_1,random_forest_fresh,60,20,20,84430,"{'n_estimators': 400, 'max_depth': None, 'min_samples_leaf': 3, 'max_features': 'sqrt', 'selector': 'tsfresh.select_features', 'fdr_level': 0.2, 'n_selected_features': 412, 'final_fit': 'training split only', 'feature_source': 'fold-local split matrices'}",0.75,0.6923076923076923,0.9,0.6,0.782608695652174,0.81,6,4,1,9,0.9,1.0,0.8,1.0,0.8888888888888888,0.89,10,0,2,8
feature_classical_tsfresh,enhanced,Fold_1,linear_svm_fresh,60,20,20,84430,"{'C': 0.01, 'selector': 'tsfresh.select_features', 'fdr_level': 0.5, 'n_selected_features': 764, 'final_fit': 'training split only', 'feature_source': 'fold-local split matrices'}",0.8,0.75,0.9,0.7,0.8181818181818182,0.87,7,3,1,9,0.8,0.875,0.7,0.9,0.7777777777777778,0.86,9,1,3,7
feature_classical_tsfresh,enhanced,Fold_1,svm_rbf_fresh,60,20,20,84430,"{'C': 10.0, 'gamma': 0.001, 'selector': 'tsfresh.select_features', 'fdr_level': 0.5, 'n_selected_features': 764, 'final_fit': 'training split only', 'feature_source': 'fold-local split matrices'}",0.8,0.75,0.9,0.7,0.8181818181818182,0.82,7,3,1,9,0.75,0.8571428571428571,0.6,0.9,0.7058823529411765,0.83,9,1,4,6
feature_classical_tsfresh,left,Fold_2,random_forest_fresh,60,20,20,27972,"{'n_estimators': 400, 'max_depth': None, 'min_samples_leaf': 1, 'max_features': 'sqrt', 'selector': 'tsfresh.select_features', 'fdr_level': 0.5, 'n_selected_features': 855, 'final_fit': 'training split only', 'feature_source': 'fold-local split matrices'}",0.9,0.9,0.9,0.9,0.9,0.92,9,1,1,9,0.8,0.75,0.9,0.7,0.8181818181818182,0.91,7,3,1,9
feature_classical_tsfresh,left,Fold_2,linear_svm_fresh,60,20,20,27972,"{'C': 0.001, 'selector': 'tsfresh.select_features', 'fdr_level': 0.5, 'n_selected_features': 855, 'final_fit': 'training split only', 'feature_source': 'fold-local split matrices'}",0.85,0.8888888888888888,0.8,0.9,0.8421052631578947,0.9,9,1,2,8,0.8,0.75,0.9,0.7,0.8181818181818182,0.9000000000000001,7,3,1,9
feature_classical_tsfresh,left,Fold_2,svm_rbf_fresh,60,20,20,27972,"{'C': 1.0, 'gamma': 'scale', 'selector': 'tsfresh.select_features', 'fdr_level': 0.05, 'n_selected_features': 140, 'final_fit': 'training split only', 'feature_source': 'fold-local split matrices'}",0.85,0.8888888888888888,0.8,0.9,0.8421052631578947,0.8799999999999999,9,1,2,8,0.8,0.75,0.9,0.7,0.8181818181818182,0.79,7,3,1,9
feature_classical_tsfresh,right,Fold_2,random_forest_fresh,60,20,20,27972,"{'n_estimators': 400, 'max_depth': None, 'min_samples_leaf': 3, 'max_features': 'sqrt', 'selector': 'tsfresh.select_features', 'fdr_level': 0.05, 'n_selected_features': 138, 'final_fit': 'training split only', 'feature_source': 'fold-local split matrices'}",0.85,0.8181818181818182,0.9,0.8,0.8571428571428571,0.9,8,2,1,9,0.75,0.6923076923076923,0.9,0.6,0.782608695652174,0.88,6,4,1,9
feature_classical_tsfresh,right,Fold_2,linear_svm_fresh,60,20,20,27972,"{'C': 0.001, 'selector': 'tsfresh.select_features', 'fdr_level': 0.05, 'n_selected_features': 138, 'final_fit': 'training split only', 'feature_source': 'fold-local split matrices'}",0.85,0.8181818181818182,0.9,0.8,0.8571428571428571,0.8799999999999999,8,2,1,9,0.75,0.6923076923076923,0.9,0.6,0.782608695652174,0.88,6,4,1,9
feature_classical_tsfresh,right,Fold_2,svm_rbf_fresh,60,20,20,27972,"{'C': 1.0, 'gamma': 'scale', 'selector': 'tsfresh.select_features', 'fdr_level': 0.05, 'n_selected_features': 138, 'final_fit': 'training split only', 'feature_source': 'fold-local split matrices'}",0.85,0.8888888888888888,0.8,0.9,0.8421052631578947,0.8799999999999999,9,1,2,8,0.8,0.75,0.9,0.7,0.8181818181818182,0.8500000000000001,7,3,1,9
feature_classical_tsfresh,combined,Fold_2,random_forest_fresh,60,20,20,55944,"{'n_estimators': 400, 'max_depth': None, 'min_samples_leaf': 1, 'max_features': 'sqrt', 'selector': 'tsfresh.select_features', 'fdr_level': 0.2, 'n_selected_features': 768, 'final_fit': 'training split only', 'feature_source': 'fold-local split matrices'}",0.85,0.8181818181818182,0.9,0.8,0.8571428571428571,0.92,8,2,1,9,0.8,0.75,0.9,0.7,0.8181818181818182,0.88,7,3,1,9
feature_classical_tsfresh,combined,Fold_2,linear_svm_fresh,60,20,20,55944,"{'C': 0.001, 'selector': 'tsfresh.select_features', 'fdr_level': 0.05, 'n_selected_features': 258, 'final_fit': 'training split only', 'feature_source': 'fold-local split matrices'}",0.8,0.8,0.8,0.8,0.8,0.8899999999999999,8,2,2,8,0.8,0.75,0.9,0.7,0.8181818181818182,0.88,7,3,1,9
feature_classical_tsfresh,combined,Fold_2,svm_rbf_fresh,60,20,20,55944,"{'C': 1.0, 'gamma': 'scale', 'selector': 'tsfresh.select_features', 'fdr_level': 0.05, 'n_selected_features': 258, 'final_fit': 'training split only', 'feature_source': 'fold-local split matrices'}",0.85,0.8888888888888888,0.8,0.9,0.8421052631578947,0.8999999999999999,9,1,2,8,0.8,0.75,0.9,0.7,0.8181818181818182,0.81,7,3,1,9
feature_classical_tsfresh,enhanced,Fold_2,random_forest_fresh,60,20,20,84430,"{'n_estimators': 400, 'max_depth': None, 'min_samples_leaf': 1, 'max_features': 'sqrt', 'selector': 'tsfresh.select_features', 'fdr_level': 0.5, 'n_selected_features': 1630, 'final_fit': 'training split only', 'feature_source': 'fold-local split matrices'}",0.9,0.9,0.9,0.9,0.9,0.915,9,1,1,9,0.8,0.75,0.9,0.7,0.8181818181818182,0.9,7,3,1,9
feature_classical_tsfresh,enhanced,Fold_2,linear_svm_fresh,60,20,20,84430,"{'C': 0.001, 'selector': 'tsfresh.select_features', 'fdr_level': 0.2, 'n_selected_features': 796, 'final_fit': 'training split only', 'feature_source': 'fold-local split matrices'}",0.8,0.875,0.7,0.9,0.7777777777777778,0.9,9,1,3,7,0.8,0.75,0.9,0.7,0.8181818181818182,0.92,7,3,1,9
feature_classical_tsfresh,enhanced,Fold_2,svm_rbf_fresh,60,20,20,84430,"{'C': 10.0, 'gamma': 'scale', 'selector': 'tsfresh.select_features', 'fdr_level': 0.05, 'n_selected_features': 278, 'final_fit': 'training split only', 'feature_source': 'fold-local split matrices'}",0.9,0.9,0.9,0.9,0.9,0.8899999999999999,9,1,1,9,0.8,0.75,0.9,0.7,0.8181818181818182,0.7900000000000001,7,3,1,9
feature_classical_tsfresh,left,Fold_3,random_forest_fresh,60,20,20,27972,"{'n_estimators': 400, 'max_depth': None, 'min_samples_leaf': 3, 'max_features': 'sqrt', 'selector': 'tsfresh.select_features', 'fdr_level': 0.5, 'n_selected_features': 551, 'final_fit': 'training split only', 'feature_source': 'fold-local split matrices'}",0.9,0.9,0.9,0.9,0.9,0.97,9,1,1,9,0.7,0.75,0.6,0.8,0.6666666666666666,0.8300000000000001,8,2,4,6
feature_classical_tsfresh,left,Fold_3,linear_svm_fresh,60,20,20,27972,"{'C': 0.001, 'selector': 'tsfresh.select_features', 'fdr_level': 0.5, 'n_selected_features': 551, 'final_fit': 'training split only', 'feature_source': 'fold-local split matrices'}",0.95,1.0,0.9,1.0,0.9473684210526316,0.97,10,0,1,9,0.75,0.8571428571428571,0.6,0.9,0.7058823529411765,0.8699999999999999,9,1,4,6
feature_classical_tsfresh,left,Fold_3,svm_rbf_fresh,60,20,20,27972,"{'C': 1.0, 'gamma': 0.01, 'selector': 'tsfresh.select_features', 'fdr_level': 0.5, 'n_selected_features': 551, 'final_fit': 'training split only', 'feature_source': 'fold-local split matrices'}",0.9,0.8333333333333334,1.0,0.8,0.9090909090909092,0.93,8,2,0,10,0.7,0.7,0.7,0.7,0.7,0.72,7,3,3,7
feature_classical_tsfresh,right,Fold_3,random_forest_fresh,60,20,20,27972,"{'n_estimators': 400, 'max_depth': None, 'min_samples_leaf': 3, 'max_features': 'sqrt', 'selector': 'tsfresh.select_features', 'fdr_level': 0.1, 'n_selected_features': 155, 'final_fit': 'training split only', 'feature_source': 'fold-local split matrices'}",0.9,0.9,0.9,0.9,0.9,0.97,9,1,1,9,0.65,0.7142857142857143,0.5,0.8,0.5882352941176471,0.78,8,2,5,5
feature_classical_tsfresh,right,Fold_3,linear_svm_fresh,60,20,20,27972,"{'C': 0.001, 'selector': 'tsfresh.select_features', 'fdr_level': 0.5, 'n_selected_features': 584, 'final_fit': 'training split only', 'feature_source': 'fold-local split matrices'}",0.9,0.9,0.9,0.9,0.9,0.97,9,1,1,9,0.8,0.875,0.7,0.9,0.7777777777777778,0.85,9,1,3,7
feature_classical_tsfresh,right,Fold_3,svm_rbf_fresh,60,20,20,27972,"{'C': 1.0, 'gamma': 0.001, 'selector': 'tsfresh.select_features', 'fdr_level': 0.2, 'n_selected_features': 325, 'final_fit': 'training split only', 'feature_source': 'fold-local split matrices'}",0.95,1.0,0.9,1.0,0.9473684210526316,0.98,10,0,1,9,0.7,0.75,0.6,0.8,0.6666666666666666,0.8300000000000001,8,2,4,6
feature_classical_tsfresh,combined,Fold_3,random_forest_fresh,60,20,20,55944,"{'n_estimators': 400, 'max_depth': None, 'min_samples_leaf': 1, 'max_features': 'sqrt', 'selector': 'tsfresh.select_features', 'fdr_level': 0.05, 'n_selected_features': 25, 'final_fit': 'training split only', 'feature_source': 'fold-local split matrices'}",0.9,0.9,0.9,0.9,0.9,0.95,9,1,1,9,0.65,0.6666666666666666,0.6,0.7,0.631578947368421,0.73,7,3,4,6
feature_classical_tsfresh,combined,Fold_3,linear_svm_fresh,60,20,20,55944,"{'C': 0.001, 'selector': 'tsfresh.select_features', 'fdr_level': 0.5, 'n_selected_features': 1113, 'final_fit': 'training split only', 'feature_source': 'fold-local split matrices'}",0.9,0.9,0.9,0.9,0.9,0.98,9,1,1,9,0.65,0.8,0.4,0.9,0.5333333333333333,0.8400000000000001,9,1,6,4
feature_classical_tsfresh,combined,Fold_3,svm_rbf_fresh,60,20,20,55944,"{'C': 0.1, 'gamma': 0.01, 'selector': 'tsfresh.select_features', 'fdr_level': 0.2, 'n_selected_features': 577, 'final_fit': 'training split only', 'feature_source': 'fold-local split matrices'}",0.9,0.8333333333333334,1.0,0.8,0.9090909090909092,0.95,8,2,0,10,0.65,0.6363636363636364,0.7,0.6,0.6666666666666666,0.64,6,4,3,7
feature_classical_tsfresh,enhanced,Fold_3,random_forest_fresh,60,20,20,84430,"{'n_estimators': 400, 'max_depth': None, 'min_samples_leaf': 1, 'max_features': 'sqrt', 'selector': 'tsfresh.select_features', 'fdr_level': 0.5, 'n_selected_features': 1181, 'final_fit': 'training split only', 'feature_source': 'fold-local split matrices'}",0.9,0.8333333333333334,1.0,0.8,0.9090909090909092,0.98,8,2,0,10,0.7,0.8333333333333334,0.5,0.9,0.625,0.825,9,1,5,5
feature_classical_tsfresh,enhanced,Fold_3,linear_svm_fresh,60,20,20,84430,"{'C': 0.1, 'selector': 'tsfresh.select_features', 'fdr_level': 0.2, 'n_selected_features': 611, 'final_fit': 'training split only', 'feature_source': 'fold-local split matrices'}",0.95,1.0,0.9,1.0,0.9473684210526316,0.98,10,0,1,9,0.55,0.6,0.3,0.8,0.4,0.76,8,2,7,3
feature_classical_tsfresh,enhanced,Fold_3,svm_rbf_fresh,60,20,20,84430,"{'C': 0.1, 'gamma': 0.01, 'selector': 'tsfresh.select_features', 'fdr_level': 0.2, 'n_selected_features': 611, 'final_fit': 'training split only', 'feature_source': 'fold-local split matrices'}",0.9,0.8333333333333334,1.0,0.8,0.9090909090909092,0.95,8,2,0,10,0.6,0.6,0.6,0.6,0.6,0.64,6,4,4,6
feature_classical_tsfresh,left,Fold_4,random_forest_fresh,60,20,20,27972,"{'n_estimators': 400, 'max_depth': None, 'min_samples_leaf': 3, 'max_features': 'sqrt', 'selector': 'tsfresh.select_features', 'fdr_level': 0.2, 'n_selected_features': 370, 'final_fit': 'training split only', 'feature_source': 'fold-local split matrices'}",0.8,0.8,0.8,0.8,0.8,0.8699999999999999,8,2,2,8,0.9,0.9,0.9,0.9,0.9,0.96,9,1,1,9
feature_classical_tsfresh,left,Fold_4,linear_svm_fresh,60,20,20,27972,"{'C': 0.001, 'selector': 'tsfresh.select_features', 'fdr_level': 0.5, 'n_selected_features': 617, 'final_fit': 'training split only', 'feature_source': 'fold-local split matrices'}",0.85,0.7692307692307693,1.0,0.7,0.8695652173913043,0.91,7,3,0,10,0.9,0.8333333333333334,1.0,0.8,0.9090909090909092,0.96,8,2,0,10
feature_classical_tsfresh,left,Fold_4,svm_rbf_fresh,60,20,20,27972,"{'C': 1.0, 'gamma': 'scale', 'selector': 'tsfresh.select_features', 'fdr_level': 0.5, 'n_selected_features': 617, 'final_fit': 'training split only', 'feature_source': 'fold-local split matrices'}",0.8,0.75,0.9,0.7,0.8181818181818182,0.91,7,3,1,9,0.8,0.8,0.8,0.8,0.8,0.96,8,2,2,8
feature_classical_tsfresh,right,Fold_4,random_forest_fresh,60,20,20,27972,"{'n_estimators': 400, 'max_depth': None, 'min_samples_leaf': 3, 'max_features': 'sqrt', 'selector': 'tsfresh.select_features', 'fdr_level': 0.5, 'n_selected_features': 619, 'final_fit': 'training split only', 'feature_source': 'fold-local split matrices'}",0.8,0.8,0.8,0.8,0.8,0.89,8,2,2,8,0.95,0.9090909090909092,1.0,0.9,0.9523809523809524,0.99,9,1,0,10
feature_classical_tsfresh,right,Fold_4,linear_svm_fresh,60,20,20,27972,"{'C': 0.001, 'selector': 'tsfresh.select_features', 'fdr_level': 0.5, 'n_selected_features': 619, 'final_fit': 'training split only', 'feature_source': 'fold-local split matrices'}",0.9,0.8333333333333334,1.0,0.8,0.9090909090909092,0.91,8,2,0,10,0.85,0.8888888888888888,0.8,0.9,0.8421052631578947,0.97,9,1,2,8
feature_classical_tsfresh,right,Fold_4,svm_rbf_fresh,60,20,20,27972,"{'C': 1.0, 'gamma': 'scale', 'selector': 'tsfresh.select_features', 'fdr_level': 0.5, 'n_selected_features': 619, 'final_fit': 'training split only', 'feature_source': 'fold-local split matrices'}",0.85,0.8181818181818182,0.9,0.8,0.8571428571428571,0.91,8,2,1,9,0.8,0.8,0.8,0.8,0.8,0.96,8,2,2,8
feature_classical_tsfresh,combined,Fold_4,random_forest_fresh,60,20,20,55944,"{'n_estimators': 400, 'max_depth': None, 'min_samples_leaf': 3, 'max_features': 'sqrt', 'selector': 'tsfresh.select_features', 'fdr_level': 0.1, 'n_selected_features': 408, 'final_fit': 'training split only', 'feature_source': 'fold-local split matrices'}",0.85,0.8181818181818182,0.9,0.8,0.8571428571428571,0.8800000000000001,8,2,1,9,0.9,0.9,0.9,0.9,0.9,0.94,9,1,1,9
feature_classical_tsfresh,combined,Fold_4,linear_svm_fresh,60,20,20,55944,"{'C': 1.0, 'selector': 'tsfresh.select_features', 'fdr_level': 0.1, 'n_selected_features': 408, 'final_fit': 'training split only', 'feature_source': 'fold-local split matrices'}",0.85,0.8181818181818182,0.9,0.8,0.8571428571428571,0.86,8,2,1,9,0.8,0.8,0.8,0.8,0.8,0.91,8,2,2,8
feature_classical_tsfresh,combined,Fold_4,svm_rbf_fresh,60,20,20,55944,"{'C': 1.0, 'gamma': 0.001, 'selector': 'tsfresh.select_features', 'fdr_level': 0.5, 'n_selected_features': 1212, 'final_fit': 'training split only', 'feature_source': 'fold-local split matrices'}",0.85,0.8181818181818182,0.9,0.8,0.8571428571428571,0.92,8,2,1,9,0.8,0.8,0.8,0.8,0.8,0.96,8,2,2,8
feature_classical_tsfresh,enhanced,Fold_4,random_forest_fresh,60,20,20,84430,"{'n_estimators': 400, 'max_depth': None, 'min_samples_leaf': 1, 'max_features': 'sqrt', 'selector': 'tsfresh.select_features', 'fdr_level': 0.1, 'n_selected_features': 386, 'final_fit': 'training split only', 'feature_source': 'fold-local split matrices'}",0.85,0.8181818181818182,0.9,0.8,0.8571428571428571,0.8700000000000001,8,2,1,9,0.9,0.8333333333333334,1.0,0.8,0.9090909090909092,0.95,8,2,0,10
feature_classical_tsfresh,enhanced,Fold_4,linear_svm_fresh,60,20,20,84430,"{'C': 1.0, 'selector': 'tsfresh.select_features', 'fdr_level': 0.1, 'n_selected_features': 386, 'final_fit': 'training split only', 'feature_source': 'fold-local split matrices'}",0.85,0.8181818181818182,0.9,0.8,0.8571428571428571,0.95,8,2,1,9,0.9,0.9,0.9,0.9,0.9,0.94,9,1,1,9
feature_classical_tsfresh,enhanced,Fold_4,svm_rbf_fresh,60,20,20,84430,"{'C': 1.0, 'gamma': 'scale', 'selector': 'tsfresh.select_features', 'fdr_level': 0.5, 'n_selected_features': 1189, 'final_fit': 'training split only', 'feature_source': 'fold-local split matrices'}",0.85,0.8181818181818182,0.9,0.8,0.8571428571428571,0.8999999999999999,8,2,1,9,0.85,0.8181818181818182,0.9,0.8,0.8571428571428571,0.96,8,2,1,9
feature_classical_tsfresh,left,Fold_5,random_forest_fresh,60,20,20,27972,"{'n_estimators': 400, 'max_depth': None, 'min_samples_leaf': 1, 'max_features': 'sqrt', 'selector': 'tsfresh.select_features', 'fdr_level': 0.5, 'n_selected_features': 601, 'final_fit': 'training split only', 'feature_source': 'fold-local split matrices'}",0.9,1.0,0.8,1.0,0.8888888888888888,0.895,10,0,2,8,0.8,0.8,0.8,0.8,0.8,0.92,8,2,2,8
feature_classical_tsfresh,left,Fold_5,linear_svm_fresh,60,20,20,27972,"{'C': 0.001, 'selector': 'tsfresh.select_features', 'fdr_level': 0.1, 'n_selected_features': 79, 'final_fit': 'training split only', 'feature_source': 'fold-local split matrices'}",0.85,0.8888888888888888,0.8,0.9,0.8421052631578947,0.89,9,1,2,8,0.9,0.8333333333333334,1.0,0.8,0.9090909090909092,0.96,8,2,0,10
feature_classical_tsfresh,left,Fold_5,svm_rbf_fresh,60,20,20,27972,"{'C': 0.1, 'gamma': 0.001, 'selector': 'tsfresh.select_features', 'fdr_level': 0.5, 'n_selected_features': 601, 'final_fit': 'training split only', 'feature_source': 'fold-local split matrices'}",0.9,1.0,0.8,1.0,0.8888888888888888,0.91,10,0,2,8,0.8,0.8,0.8,0.8,0.8,0.93,8,2,2,8
feature_classical_tsfresh,right,Fold_5,random_forest_fresh,60,20,20,27972,"{'n_estimators': 400, 'max_depth': None, 'min_samples_leaf': 3, 'max_features': 'sqrt', 'selector': 'tsfresh.select_features', 'fdr_level': 0.5, 'n_selected_features': 598, 'final_fit': 'training split only', 'feature_source': 'fold-local split matrices'}",0.9,1.0,0.8,1.0,0.8888888888888888,0.8899999999999999,10,0,2,8,0.9,0.8333333333333334,1.0,0.8,0.9090909090909092,0.93,8,2,0,10
feature_classical_tsfresh,right,Fold_5,linear_svm_fresh,60,20,20,27972,"{'C': 0.001, 'selector': 'tsfresh.select_features', 'fdr_level': 0.1, 'n_selected_features': 79, 'final_fit': 'training split only', 'feature_source': 'fold-local split matrices'}",0.85,0.8888888888888888,0.8,0.9,0.8421052631578947,0.89,9,1,2,8,0.9,0.8333333333333334,1.0,0.8,0.9090909090909092,0.96,8,2,0,10
feature_classical_tsfresh,right,Fold_5,svm_rbf_fresh,60,20,20,27972,"{'C': 0.1, 'gamma': 0.001, 'selector': 'tsfresh.select_features', 'fdr_level': 0.5, 'n_selected_features': 598, 'final_fit': 'training split only', 'feature_source': 'fold-local split matrices'}",0.9,1.0,0.8,1.0,0.8888888888888888,0.9000000000000001,10,0,2,8,0.8,0.8,0.8,0.8,0.8,0.93,8,2,2,8
feature_classical_tsfresh,combined,Fold_5,random_forest_fresh,60,20,20,55944,"{'n_estimators': 400, 'max_depth': None, 'min_samples_leaf': 3, 'max_features': 'sqrt', 'selector': 'tsfresh.select_features', 'fdr_level': 0.5, 'n_selected_features': 1163, 'final_fit': 'training split only', 'feature_source': 'fold-local split matrices'}",0.85,0.8888888888888888,0.8,0.9,0.8421052631578947,0.8899999999999999,9,1,2,8,0.9,0.8333333333333334,1.0,0.8,0.9090909090909092,0.93,8,2,0,10
feature_classical_tsfresh,combined,Fold_5,linear_svm_fresh,60,20,20,55944,"{'C': 0.001, 'selector': 'tsfresh.select_features', 'fdr_level': 0.1, 'n_selected_features': 156, 'final_fit': 'training split only', 'feature_source': 'fold-local split matrices'}",0.85,0.8888888888888888,0.8,0.9,0.8421052631578947,0.89,9,1,2,8,0.9,0.8333333333333334,1.0,0.8,0.9090909090909092,0.98,8,2,0,10
feature_classical_tsfresh,combined,Fold_5,svm_rbf_fresh,60,20,20,55944,"{'C': 0.1, 'gamma': 'scale', 'selector': 'tsfresh.select_features', 'fdr_level': 0.5, 'n_selected_features': 1163, 'final_fit': 'training split only', 'feature_source': 'fold-local split matrices'}",0.9,1.0,0.8,1.0,0.8888888888888888,0.9000000000000001,10,0,2,8,0.8,0.8,0.8,0.8,0.8,0.94,8,2,2,8
feature_classical_tsfresh,enhanced,Fold_5,random_forest_fresh,60,20,20,84430,"{'n_estimators': 400, 'max_depth': None, 'min_samples_leaf': 3, 'max_features': 'sqrt', 'selector': 'tsfresh.select_features', 'fdr_level': 0.5, 'n_selected_features': 1172, 'final_fit': 'training split only', 'feature_source': 'fold-local split matrices'}",0.9,1.0,0.8,1.0,0.8888888888888888,0.8800000000000001,10,0,2,8,0.85,0.8181818181818182,0.9,0.8,0.8571428571428571,0.94,8,2,1,9
feature_classical_tsfresh,enhanced,Fold_5,linear_svm_fresh,60,20,20,84430,"{'C': 100.0, 'selector': 'tsfresh.select_features', 'fdr_level': 0.05, 'n_selected_features': 58, 'final_fit': 'training split only', 'feature_source': 'fold-local split matrices'}",0.9,1.0,0.8,1.0,0.8888888888888888,0.9000000000000001,10,0,2,8,0.8,0.75,0.9,0.7,0.8181818181818182,0.8999999999999999,7,3,1,9
feature_classical_tsfresh,enhanced,Fold_5,svm_rbf_fresh,60,20,20,84430,"{'C': 0.1, 'gamma': 'scale', 'selector': 'tsfresh.select_features', 'fdr_level': 0.5, 'n_selected_features': 1172, 'final_fit': 'training split only', 'feature_source': 'fold-local split matrices'}",0.9,1.0,0.8,1.0,0.8888888888888888,0.9000000000000001,10,0,2,8,0.85,0.8181818181818182,0.9,0.8,0.8571428571428571,0.94,8,2,1,9
