Fold,Model,Foot,BestParams,Val_AUC,Test_Acc,Test_Sens,Test_Spec,Test_AUC
1,Random Forest,Left,"{'max_depth': None, 'max_features': 0.3, 'min_samples_leaf': 1, 'n_estimators': 500, 'random_state': 42}",0.9,0.6,0.7,0.5,0.78
1,Random Forest,Right,"{'max_depth': None, 'max_features': 0.3, 'min_samples_leaf': 1, 'n_estimators': 200, 'random_state': 42}",0.625,0.7,0.8,0.6,0.78
1,Random Forest,Combined,"{'max_depth': None, 'max_features': 0.3, 'min_samples_leaf': 1, 'n_estimators': 200, 'random_state': 42}",0.83,0.8,0.9,0.7,0.87
1,SVM-Linear,Left,"{'C': 0.001, 'kernel': 'linear', 'probability': True}",0.96,0.6,0.7,0.5,0.78
1,SVM-Linear,Right,"{'C': 0.01, 'kernel': 'linear', 'probability': True}",0.66,0.65,0.7,0.6,0.75
1,SVM-Linear,Combined,"{'C': 0.001, 'kernel': 'linear', 'probability': True}",0.8,0.7,0.8,0.6,0.78
1,SVM-RBF,Left,"{'C': 10, 'gamma': 'scale', 'kernel': 'rbf', 'probability': True}",0.95,0.65,0.7,0.6,0.79
1,SVM-RBF,Right,"{'C': 10, 'gamma': 0.001, 'kernel': 'rbf', 'probability': True}",0.66,0.65,0.6,0.7,0.87
1,SVM-RBF,Combined,"{'C': 10, 'gamma': 'scale', 'kernel': 'rbf', 'probability': True}",0.75,0.75,0.9,0.6,0.75
1,1D-ResNet,Left,"{'lr': 0.0003, 'dropout': 0.2}",0.74,0.65,0.9,0.4,0.73
1,1D-ResNet,Right,"{'lr': 0.001, 'dropout': 0.2}",0.93,0.5,0.6,0.4,0.51
1,1D-ResNet,Combined,"{'lr': 0.001, 'dropout': 0.4}",0.89,0.8,0.9,0.7,0.84
1,LSTM,Left,"{'lr': 0.0003, 'dropout': 0.2}",0.74,0.7,0.9,0.5,0.89
1,LSTM,Right,"{'lr': 0.001, 'dropout': 0.4}",0.93,0.65,0.5,0.8,0.64
1,LSTM,Combined,"{'lr': 0.0003, 'dropout': 0.4}",0.82,0.8,0.9,0.7,0.92
1,GRU,Left,"{'lr': 0.001, 'dropout': 0.2}",0.82,0.6,0.7,0.5,0.76
1,GRU,Right,"{'lr': 0.0003, 'dropout': 0.2}",0.93,0.55,0.5,0.6,0.53
1,GRU,Combined,"{'lr': 0.001, 'dropout': 0.4}",0.91,0.65,0.6,0.7,0.76
1,PatchTST,Left,"{'lr': 0.001, 'dropout': 0.2}",0.81,0.7,0.7,0.7,0.78
1,PatchTST,Right,"{'lr': 0.0003, 'dropout': 0.2}",0.91,0.6,0.5,0.7,0.59
1,PatchTST,Combined,"{'lr': 0.001, 'dropout': 0.2}",0.93,0.6,0.5,0.7,0.75
2,Random Forest,Left,"{'max_depth': None, 'max_features': 'sqrt', 'min_samples_leaf': 2, 'n_estimators': 200, 'random_state': 42}",0.86,0.7,0.5,0.9,0.85
2,Random Forest,Right,"{'max_depth': None, 'max_features': 'log2', 'min_samples_leaf': 2, 'n_estimators': 500, 'random_state': 42}",0.63,0.55,0.5,0.6,0.58
2,Random Forest,Combined,"{'max_depth': None, 'max_features': 'sqrt', 'min_samples_leaf': 2, 'n_estimators': 200, 'random_state': 42}",0.82,0.7,0.6,0.8,0.77
2,SVM-Linear,Left,"{'C': 0.01, 'kernel': 'linear', 'probability': True}",0.83,0.65,0.6,0.7,0.8
2,SVM-Linear,Right,"{'C': 0.01, 'kernel': 'linear', 'probability': True}",0.63,0.75,0.6,0.9,0.82
2,SVM-Linear,Combined,"{'C': 0.01, 'kernel': 'linear', 'probability': True}",0.77,0.6,0.5,0.7,0.7
2,SVM-RBF,Left,"{'C': 1, 'gamma': 0.001, 'kernel': 'rbf', 'probability': True}",0.82,0.7,0.6,0.8,0.83
2,SVM-RBF,Right,"{'C': 10, 'gamma': 0.01, 'kernel': 'rbf', 'probability': True}",0.73,0.6,0.6,0.6,0.635
2,SVM-RBF,Combined,"{'C': 1, 'gamma': 0.001, 'kernel': 'rbf', 'probability': True}",0.79,0.7,0.5,0.9,0.7
2,1D-ResNet,Left,"{'lr': 0.001, 'dropout': 0.2}",0.84,0.5,0.5,0.5,0.52
2,1D-ResNet,Right,"{'lr': 0.001, 'dropout': 0.2}",0.74,0.6,0.6,0.6,0.73
2,1D-ResNet,Combined,"{'lr': 0.0003, 'dropout': 0.4}",0.86,0.65,0.8,0.5,0.62
2,LSTM,Left,"{'lr': 0.0003, 'dropout': 0.2}",0.81,0.65,0.7,0.6,0.76
2,LSTM,Right,"{'lr': 0.0003, 'dropout': 0.2}",0.76,0.7,0.7,0.7,0.74
2,LSTM,Combined,"{'lr': 0.001, 'dropout': 0.2}",0.73,0.55,0.7,0.4,0.61
2,GRU,Left,"{'lr': 0.0003, 'dropout': 0.2}",0.82,0.75,0.8,0.7,0.79
2,GRU,Right,"{'lr': 0.0003, 'dropout': 0.2}",0.73,0.75,0.8,0.7,0.85
2,GRU,Combined,"{'lr': 0.0003, 'dropout': 0.4}",0.77,0.65,0.8,0.5,0.75
2,PatchTST,Left,"{'lr': 0.0003, 'dropout': 0.4}",0.87,0.75,0.7,0.8,0.81
2,PatchTST,Right,"{'lr': 0.0003, 'dropout': 0.4}",0.79,0.65,0.7,0.6,0.73
2,PatchTST,Combined,"{'lr': 0.001, 'dropout': 0.2}",0.87,0.8,0.7,0.9,0.76
3,Random Forest,Left,"{'max_depth': None, 'max_features': 'sqrt', 'min_samples_leaf': 2, 'n_estimators': 200, 'random_state': 42}",0.86,0.65,0.5,0.8,0.67
3,Random Forest,Right,"{'max_depth': None, 'max_features': 'log2', 'min_samples_leaf': 2, 'n_estimators': 200, 'random_state': 42}",0.74,0.6,0.5,0.7,0.75
3,Random Forest,Combined,"{'max_depth': None, 'max_features': 'log2', 'min_samples_leaf': 1, 'n_estimators': 200, 'random_state': 42}",0.73,0.65,0.5,0.8,0.78
3,SVM-Linear,Left,"{'C': 0.001, 'kernel': 'linear', 'probability': True}",0.73,0.65,0.5,0.8,0.74
3,SVM-Linear,Right,"{'C': 0.001, 'kernel': 'linear', 'probability': True}",0.8,0.55,0.5,0.6,0.68
3,SVM-Linear,Combined,"{'C': 0.01, 'kernel': 'linear', 'probability': True}",0.81,0.55,0.3,0.8,0.65
3,SVM-RBF,Left,"{'C': 10, 'gamma': 0.01, 'kernel': 'rbf', 'probability': True}",0.87,0.6,0.8,0.4,0.67
3,SVM-RBF,Right,"{'C': 1, 'gamma': 0.001, 'kernel': 'rbf', 'probability': True}",0.83,0.55,0.6,0.5,0.73
3,SVM-RBF,Combined,"{'C': 1, 'gamma': 0.01, 'kernel': 'rbf', 'probability': True}",0.88,0.65,0.9,0.4,0.67
3,1D-ResNet,Left,"{'lr': 0.0003, 'dropout': 0.4}",0.91,0.7,0.8,0.6,0.7
3,1D-ResNet,Right,"{'lr': 0.0003, 'dropout': 0.4}",0.76,0.6,0.4,0.8,0.75
3,1D-ResNet,Combined,"{'lr': 0.0003, 'dropout': 0.2}",0.92,0.65,0.9,0.4,0.78
3,LSTM,Left,"{'lr': 0.0003, 'dropout': 0.4}",0.86,0.75,0.7,0.8,0.8
3,LSTM,Right,"{'lr': 0.0003, 'dropout': 0.4}",0.78,0.65,0.7,0.6,0.76
3,LSTM,Combined,"{'lr': 0.001, 'dropout': 0.2}",0.87,0.7,0.7,0.7,0.74
3,GRU,Left,"{'lr': 0.001, 'dropout': 0.2}",0.9,0.8,0.8,0.8,0.81
3,GRU,Right,"{'lr': 0.0003, 'dropout': 0.2}",0.66,0.55,0.5,0.6,0.67
3,GRU,Combined,"{'lr': 0.001, 'dropout': 0.2}",0.79,0.75,0.8,0.7,0.74
3,PatchTST,Left,"{'lr': 0.0003, 'dropout': 0.2}",0.84,0.55,0.6,0.5,0.6
3,PatchTST,Right,"{'lr': 0.001, 'dropout': 0.2}",0.67,0.65,0.8,0.5,0.64
3,PatchTST,Combined,"{'lr': 0.0003, 'dropout': 0.2}",0.86,0.7,0.7,0.7,0.76
4,Random Forest,Left,"{'max_depth': None, 'max_features': 'sqrt', 'min_samples_leaf': 1, 'n_estimators': 500, 'random_state': 42}",0.92,0.55,0.7,0.4,0.66
4,Random Forest,Right,"{'max_depth': None, 'max_features': 'sqrt', 'min_samples_leaf': 1, 'n_estimators': 500, 'random_state': 42}",0.86,0.55,0.6,0.5,0.7
4,Random Forest,Combined,"{'max_depth': None, 'max_features': 'log2', 'min_samples_leaf': 1, 'n_estimators': 200, 'random_state': 42}",0.93,0.6,0.8,0.4,0.78
4,SVM-Linear,Left,"{'C': 0.001, 'kernel': 'linear', 'probability': True}",0.83,0.65,0.6,0.7,0.71
4,SVM-Linear,Right,"{'C': 0.01, 'kernel': 'linear', 'probability': True}",0.88,0.65,0.6,0.7,0.66
4,SVM-Linear,Combined,"{'C': 0.001, 'kernel': 'linear', 'probability': True}",0.88,0.7,0.8,0.6,0.7
4,SVM-RBF,Left,"{'C': 0.1, 'gamma': 'auto', 'kernel': 'rbf', 'probability': True}",0.9,0.7,0.7,0.7,0.675
4,SVM-RBF,Right,"{'C': 10, 'gamma': 0.001, 'kernel': 'rbf', 'probability': True}",0.85,0.6,0.6,0.6,0.64
4,SVM-RBF,Combined,"{'C': 0.1, 'gamma': 0.001, 'kernel': 'rbf', 'probability': True}",0.89,0.55,0.5,0.6,0.695
4,1D-ResNet,Left,"{'lr': 0.001, 'dropout': 0.2}",0.86,0.8,0.7,0.9,0.83
4,1D-ResNet,Right,"{'lr': 0.0003, 'dropout': 0.4}",0.86,0.65,0.7,0.6,0.67
4,1D-ResNet,Combined,"{'lr': 0.0003, 'dropout': 0.4}",0.9,0.75,0.6,0.9,0.75
4,LSTM,Left,"{'lr': 0.0003, 'dropout': 0.4}",0.84,0.65,0.7,0.6,0.65
4,LSTM,Right,"{'lr': 0.0003, 'dropout': 0.2}",0.85,0.7,0.6,0.8,0.74
4,LSTM,Combined,"{'lr': 0.0003, 'dropout': 0.4}",0.9,0.65,0.8,0.5,0.73
4,GRU,Left,"{'lr': 0.001, 'dropout': 0.4}",0.77,0.65,0.8,0.5,0.61
4,GRU,Right,"{'lr': 0.0003, 'dropout': 0.2}",0.85,0.6,0.5,0.7,0.58
4,GRU,Combined,"{'lr': 0.001, 'dropout': 0.4}",0.76,0.7,0.6,0.8,0.72
4,PatchTST,Left,"{'lr': 0.001, 'dropout': 0.2}",0.97,0.55,0.8,0.3,0.61
4,PatchTST,Right,"{'lr': 0.001, 'dropout': 0.4}",0.94,0.55,0.5,0.6,0.72
4,PatchTST,Combined,"{'lr': 0.001, 'dropout': 0.2}",1.0,0.55,0.7,0.4,0.6
5,Random Forest,Left,"{'max_depth': None, 'max_features': 'log2', 'min_samples_leaf': 2, 'n_estimators': 500, 'random_state': 42}",0.73,0.75,0.8,0.7,0.89
5,Random Forest,Right,"{'max_depth': None, 'max_features': 'log2', 'min_samples_leaf': 1, 'n_estimators': 500, 'random_state': 42}",0.92,0.75,1.0,0.5,0.805
5,Random Forest,Combined,"{'max_depth': None, 'max_features': 'log2', 'min_samples_leaf': 1, 'n_estimators': 1000, 'random_state': 42}",0.82,0.8,0.9,0.7,0.83
5,SVM-Linear,Left,"{'C': 0.001, 'kernel': 'linear', 'probability': True}",0.73,0.75,0.8,0.7,0.88
5,SVM-Linear,Right,"{'C': 0.001, 'kernel': 'linear', 'probability': True}",0.81,0.65,0.9,0.4,0.83
5,SVM-Linear,Combined,"{'C': 0.01, 'kernel': 'linear', 'probability': True}",0.81,0.75,0.8,0.7,0.87
5,SVM-RBF,Left,"{'C': 0.1, 'gamma': 'auto', 'kernel': 'rbf', 'probability': True}",0.73,0.8,0.9,0.7,0.87
5,SVM-RBF,Right,"{'C': 0.1, 'gamma': 0.001, 'kernel': 'rbf', 'probability': True}",0.92,0.7,0.9,0.5,0.8
5,SVM-RBF,Combined,"{'C': 10, 'gamma': 0.001, 'kernel': 'rbf', 'probability': True}",0.8,0.75,0.8,0.7,0.83
5,1D-ResNet,Left,"{'lr': 0.001, 'dropout': 0.4}",0.73,0.5,0.9,0.1,0.63
5,1D-ResNet,Right,"{'lr': 0.0003, 'dropout': 0.4}",0.67,0.65,0.3,1.0,0.66
5,1D-ResNet,Combined,"{'lr': 0.0003, 'dropout': 0.4}",0.82,0.6,0.3,0.9,0.69
5,LSTM,Left,"{'lr': 0.001, 'dropout': 0.2}",0.8,0.6,0.8,0.4,0.6
5,LSTM,Right,"{'lr': 0.0003, 'dropout': 0.4}",0.74,0.55,0.6,0.5,0.53
5,LSTM,Combined,"{'lr': 0.0003, 'dropout': 0.4}",0.73,0.65,0.9,0.4,0.74
5,GRU,Left,"{'lr': 0.0003, 'dropout': 0.2}",0.75,0.5,0.8,0.2,0.58
5,GRU,Right,"{'lr': 0.0003, 'dropout': 0.2}",0.55,0.6,0.4,0.8,0.56
5,GRU,Combined,"{'lr': 0.001, 'dropout': 0.4}",0.77,0.5,0.9,0.1,0.73
5,PatchTST,Left,"{'lr': 0.001, 'dropout': 0.2}",0.81,0.35,0.3,0.4,0.35
5,PatchTST,Right,"{'lr': 0.0003, 'dropout': 0.2}",0.66,0.4,0.6,0.2,0.48
5,PatchTST,Combined,"{'lr': 0.001, 'dropout': 0.2}",0.84,0.65,0.4,0.9,0.88
